{
  "users": [
    {
      "name": "example",
      "email": "example@gmail.com",
      "password": "password",
      "cart": [],
      "previousOrders": [],
      "id": 1
    }
  ],
  "menu": [
    {
      "id": "1",
      "img": "https://goldbelly.imgix.net/uploads/showcase_media_asset/image/97981/2-lou-malnatis-deep-dish-pizzas.bf0fe065d251a9cca3925b269d443a27.jpg?ixlib=react-9.0.2&auto=format&ar=1%3A1",
      "name": "Lou Malnati's Pizza",
      "dsc": "2 Lou Malnati's Deep Dish Pizzas",
      "price": 67.99,
      "rate": 4,
      "country": "Chicago, IL"
    },
    {
      "id": "2",
      "img": "https://goldbelly.imgix.net/uploads/showcase_media_asset/image/89781/choose-your-own-thin-crust-pizza-4-pack.b928a2008eab50c65dc87e59b5952190.jpg?ixlib=react-9.0.2&auto=format&ar=1%3A1",
      "name": "Bartolini’s",
      "dsc": "Choose Your Own Thin Crust Pizza - 4 Pack",
      "price": 139,
      "rate": 4,
      "country": "Chicago, IL"
    },
    {
      "id": "3",
      "img": "https://goldbelly.imgix.net/uploads/showcase_media_asset/image/131840/choose-your-own-new-haven-style-pizza-6-pack.ab82828afc6172cdd4017556c15e36dd.jpg?ixlib=react-9.0.2&auto=format&ar=1%3A1",
      "name": "Zuppardi's Apizza",
      "dsc": "New Haven-Style Pizza - 6 Pack (Choose Your Own)",
      "price": 79,
      "rate": 4,
      "country": "West Haven, CT"
    },
    {
      "id": "4",
      "img": "https://goldbelly.imgix.net/uploads/showcase_media_asset/image/106829/6-lou-malnatis-deep-dish-pizzas.f59993181da5d295668c8a6fb856055e.jpg?ixlib=react-9.0.2&auto=format&ar=1%3A1",
      "name": "Lou Malnati's Pizza",
      "dsc": "6 Lou Malnati's Deep Dish Pizzas",
      "price": 116.99,
      "rate": 4,
      "country": "Chicago, IL"
    },
    {
      "id": "5",
      "img": "https://goldbelly.imgix.net/uploads/showcase_media_asset/image/106027/wood-fired-pizzas-best-seller-4-pack.1653bb05922ba153ac178f8365d27f6d.jpg?ixlib=react-9.0.2&auto=format&ar=1%3A1",
      "name": "Pizzeria Bianco",
      "dsc": "Wood Fired Pizzas Best Seller - 4 Pack",
      "price": 129,
      "rate": 5,
      "country": "Phoenix, AZ"
    },
    {
      "id": "6",
      "img": "https://goldbelly.imgix.net/uploads/showcase_media_asset/image/133398/choose-your-own-deep-dish-pizza-3-pack.4111791511244a4946bb5c9ad2c17da9.jpg?ixlib=react-9.0.2&auto=format&ar=1%3A1",
      "name": "Bartolini’s",
      "dsc": "Choose Your Own Deep Dish Pizza - 3 Pack",
      "price": 139,
      "rate": 5,
      "country": "Chicago, IL"
    },
    {
      "id": "7",
      "img": "https://goldbelly.imgix.net/uploads/showcase_media_asset/image/132973/detroit-style-pizza-choose-your-own-3-pack.6b6f4909ffd4066d5471e70eac5c3d89.jpeg?ixlib=react-9.0.2&auto=format&ar=1%3A1",
      "name": "Emmy Squared",
      "dsc": "Detroit-Style Pizza - Choose Your Own 3 Pack",
      "price": 89,
      "rate": 4,
      "country": "Brooklyn, NY"
    },
    {
      "id": "8",
      "img": "https://goldbelly.imgix.net/uploads/showcase_media_asset/image/104938/brooklyn-pizza-choose-your-own-5-pack.edc4f476a75207d0af840ce6f225f2b3.jpg?ixlib=react-9.0.2&auto=format&ar=1%3A1",
      "name": "Paesan’s Pizza",
      "dsc": "Brooklyn Pizza - Choose Your Own 5 Pack",
      "price": 69,
      "rate": 4,
      "country": "Albany, NY"
    },
    {
      "id": "9",
      "img": "https://goldbelly.imgix.net/uploads/showcase_media_asset/image/89948/chicago-deep-dish-pizza-4-pack.49927daafa8c147fe9bb2a113e56668e.jpg?ixlib=react-9.0.2&auto=format&ar=1%3A1",
      "name": "My Pi Pizza",
      "dsc": "Chicago Deep Dish Pizza - 4 Pack",
      "price": 129,
      "rate": 5,
      "country": "Chicago, IL"
    },
    {
      "id": "10",
      "img": "https://goldbelly.imgix.net/uploads/showcase_media_asset/image/106828/4-lou-malnatis-deep-dish-pizzas.8c79eb7506b5752ab3387d8174246b17.jpg?ixlib=react-9.0.2&auto=format&ar=1%3A1",
      "name": "Lou Malnati's Pizza",
      "dsc": "4 Lou Malnati's Deep Dish Pizzas",
      "price": 96.99,
      "rate": 4,
      "country": "Chicago, IL"
    },
    {
      "id": "11",
      "img": "https://goldbelly.imgix.net/uploads/showcase_media_asset/image/137148/Gramercy-Tavern-Burger-and-Kielbasa-Kit-6.4.21-72ppi-1x1-15.jpg?ixlib=react-9.0.2&auto=format&ar=1%3A1",
      "name": "Gramercy Tavern",
      "dsc": "The Gramercy Tavern Burger - 4 Pack",
      "price": 99,
      "rate": 5,
      "country": "New York, NY"
    },
    {
      "id": "12",
      "img": "https://goldbelly.imgix.net/uploads/showcase_media_asset/image/134862/shake-shack-shackburger-8-pack.973a5e26836ea86d7e86a327becea2b0.png?ixlib=react-9.0.2&auto=format&ar=1%3A1",
      "name": "Shake Shack",
      "dsc": "Shake Shack ShackBurger® – 8 Pack",
      "price": 49,
      "rate": 5,
      "country": "New York, NY"
    },
    {
      "id": "13",
      "img": "https://goldbelly.imgix.net/uploads/showcase_media_asset/image/132933/gotts-complete-cheeseburger-kit-for-4.7bdc74104b193427b3fe6eae39e05b5e.jpg?ixlib=react-9.0.2&auto=format&ar=1%3A1",
      "name": "Gott's Roadside",
      "dsc": "Gott's Complete Cheeseburger Kit for 4",
      "price": 99,
      "rate": 5,
      "country": "St. Helena, CA"
    },
    {
      "id": "14",
      "img": "https://goldbelly.imgix.net/uploads/showcase_media_asset/image/131436/le-big-matt-kit-for-6.1ddae6e382bb3218eeb0fd5247de115a.jpg?ixlib=react-9.0.2&auto=format&ar=1%3A1",
      "name": "Emmy Squared",
      "dsc": "Le Big Matt Burger Kit for 6",
      "price": 99,
      "rate": 5,
      "country": "Brooklyn, NY"
    },
    {
      "id": "15",
      "img": "https://goldbelly.imgix.net/uploads/showcase_media_asset/image/134022/shake-shack-shackburger-16-pack.316f8b09144db65931ea29e34869287a.png?ixlib=react-9.0.2&auto=format&ar=1%3A1",
      "name": "Shake Shack",
      "dsc": "Shake Shack Shackburger® – 16 Pack",
      "price": 89,
      "rate": 4,
      "country": "New York, NY"
    },
    {
      "id": "16",
      "img": "https://goldbelly.imgix.net/uploads/showcase_media_asset/image/107019/wagyu-burger-patties-12-pack.6116f4cd648dee20651f99e21e7d758b.jpg?ixlib=react-9.0.2&auto=format&ar=1%3A1",
      "name": "Westholme Wagyu",
      "dsc": "Wagyu Burger Patties - 12 Pack",
      "price": 129,
      "rate": 5,
      "country": "Queensland, Australia"
    },
    {
      "id": "17",
      "img": "https://goldbelly.imgix.net/uploads/showcase_media_asset/image/133009/usda-prime-burgers-pack-of-18-8oz-each.274c67f15aa1c0b210dbf51801706670.png?ixlib=react-9.0.2&auto=format&ar=1%3A1",
      "name": "Peter Luger Steak House",
      "dsc": "USDA Prime Burgers - Pack of 18 (8oz each)",
      "price": 175.95,
      "rate": 4,
      "country": "Brooklyn, NY"
    },
    {
      "id": "18",
      "img": "https://goldbelly.imgix.net/uploads/showcase_media_asset/image/133829/burger-bomb-kit-for-6.b0430200cfc153c1c15c7997236a6152.jpg?ixlib=react-9.0.2&auto=format&ar=1%3A1",
      "name": "Old Homestead Steakhouse",
      "dsc": "Burger Bomb Kit for 6",
      "price": 129,
      "rate": 5,
      "country": "New York, NY"
    },
    {
      "id": "19",
      "img": "https://goldbelly.imgix.net/uploads/showcase_media_asset/image/122768/handf-double-stack-burger-kit-for-4.4ee9f54b1d6087e9996335f07c13e5cd.jpg?ixlib=react-9.0.2&auto=format&ar=1%3A1",
      "name": "Holeman & Finch",
      "dsc": "Double Stack Burger Kit for 4",
      "price": 79,
      "rate": 4,
      "country": "Atlanta, GA"
    },
    {
      "id": "20",
      "img": "https://goldbelly.imgix.net/uploads/showcase_media_asset/image/66179/the-burger-bash-package.bd9d12d031865940bbe5faf15f1a62f8.jpg?ixlib=react-9.0.2&auto=format&ar=1%3A1",
      "name": "Pat LaFrieda Meats",
      "dsc": "Goldbelly \"Burger Bash\" Pack",
      "price": 109,
      "rate": 5,
      "country": "North Bergen, NJ"
    },
    {
      "id": "21",
      "img": "https://goldbelly.imgix.net/uploads/showcase_media_asset/image/129490/the-gothamist-prosciutto-burrata-sandwich-kit-4-pack.4238b1e274d50b6e09d0b488aebe64bd.jpg?ixlib=react-9.0.2&auto=format&ar=1%3A1",
      "name": "Alidoro",
      "dsc": "\"The Gothamist\" Prosciutto + Burrata Sandwich Kit - 4 Pack",
      "price": 99,
      "rate": 4,
      "country": "New York, NY"
    },
    {
      "id": "24",
      "img": "https://goldbelly.imgix.net/uploads/showcase_media_asset/image/132404/primanti-bros-sandwich-pack-choose-your-meat.db41e477a72d6957e98f860204ce356c.jpg?ixlib=react-9.0.2&auto=format&ar=1%3A1",
      "name": "Primanti Bros.",
      "dsc": "Primanti Bros Sandwich Pack - (Choose Your Meat)",
      "price": 89,
      "rate": 4,
      "country": "Pittsburgh, PA"
    },
    {
      "id": "25",
      "img": "https://goldbelly.imgix.net/uploads/showcase_media_asset/image/101923/ugly-buns-burnt-end-sandwich-kit-4-pack.cadca40421c5a2b09d46673a8e2a8d37.jpeg?ixlib=react-9.0.2&auto=format&ar=1%3A1",
      "name": "Ugly Drum",
      "dsc": "Ugly Buns \"Burnt End\" Sandwich Kit - 6 Pack",
      "price": 109,
      "rate": 5,
      "country": "Los Angeles, CA"
    },
    {
      "id": "27",
      "img": "https://goldbelly.imgix.net/uploads/showcase_media_asset/image/133197/italian-sandwich-kit-best-sellers-4-pack.746c4cdd37eb5855178bcb6492fd66f6.jpg?ixlib=react-9.0.2&auto=format&ar=1%3A1",
      "name": "Alidoro",
      "dsc": "Italian Sandwich Kit Best Sellers - 4 Pack",
      "price": 99,
      "rate": 5,
      "country": "New York, NY"
    },
    {
      "id": "29",
      "img": "https://goldbelly.imgix.net/uploads/showcase_media_asset/image/134603/roast-pork-sandwich-kit-for-4.28babe63f6db57759b8e03d7a19a78eb.jpg?ixlib=react-9.0.2&auto=format&ar=1%3A1",
      "name": "Tommy DiNic's",
      "dsc": "Roast Pork Sandwich Kit for 4",
      "price": 99,
      "rate": 5,
      "country": "Philadelphia, PA"
    },
    {
      "id": "30",
      "img": "https://goldbelly.imgix.net/uploads/showcase_media_asset/image/131830/plain-cheesecake.de3d6cefd530477dc04769774752448e.jpg?ixlib=react-9.0.2&auto=format&ar=1%3A1",
      "name": "Junior's Cheesecake",
      "dsc": "Meet the Reubens Sandwich Kit for 4-6",
      "price": 89,
      "rate": 5,
      "country": "Brooklyn, NY"
    },
    {
      "id": "31",
      "img": "https://goldbelly.imgix.net/uploads/showcase_media_asset/image/132029/german-chocolate-killer-brownie-tin-pack.5ebc34160f28767a9d94c4da2e04c4b9.jpg?ixlib=react-9.0.2&auto=format&ar=1%3A1",
      "name": "Killer Brownie®",
      "dsc": "German Chocolate Killer Brownie®",
      "price": 39.99,
      "rate": 4,
      "country": "Dayton, OH"
    },
    {
      "id": "33",
      "img": "https://goldbelly.imgix.net/uploads/showcase_media_asset/image/81172/jacques-world-famous-chocolate-chip-cookies-6-pack.2217a14c443602493bba88aa9335319a.jpg?ixlib=react-9.0.2&auto=format&ar=1%3A1",
      "name": "Jacques Torres Chocolate",
      "dsc": "Jacques’ World Famous Chocolate Chip Cookies - 6 Pack",
      "price": 39.95,
      "rate": 4,
      "country": "New York, NY"
    },
    {
      "id": "34",
      "img": "https://goldbelly.imgix.net/uploads/showcase_media_asset/image/132206/original-cannoli-pie.4cb5b9ba82f57b69b90765fd9f07aa1a.jpg?ixlib=react-9.0.2&auto=format&ar=1%3A1",
      "name": "The Cannoli Pie Company",
      "dsc": "Original Cannoli Pie",
      "price": 69,
      "rate": 4,
      "country": "Bridgeport, CT"
    },
    {
      "id": "35",
      "img": "https://goldbelly.imgix.net/uploads/showcase_media_asset/image/134006/sea-salted-caramel-swirl-cheesecake.e2825335433fb7a272a5d77649a6849e.jpg?ixlib=react-9.0.2&auto=format&ar=1%3A1",
      "name": "Cotton Blues Cheesecake Company",
      "dsc": "Sea-Salted Caramel Swirl Cheesecake",
      "price": 65,
      "rate": 4,
      "country": "Hattiesburg, MS"
    },
    {
      "id": "36",
      "img": "https://goldbelly.imgix.net/uploads/showcase_media_asset/image/123456/brooklyn-blackout-cookie-brownie-combo-pack-2-tins.d8805325baf6b23b4f01d119dc4531a7.jpg?ixlib=react-9.0.2&auto=format&ar=1%3A1",
      "name": "Brooklyn Blackout Company",
      "dsc": "Brooklyn Blackout Cookie + Brownie Combo Pack - 2 Tins",
      "price": 89,
      "rate": 5,
      "country": "Brooklyn, NY"
    },
    {
      "id": "37",
      "img": "https://goldbelly.imgix.net/uploads/showcase_media_asset/image/78037/smores-variety-pack.86cf47d40c0c3508ce14d2659b3f99d4.jpg?ixlib=react-9.0.2&auto=format&ar=1%3A1",
      "name": "Gotta Have S'more",
      "dsc": "S'mores - Variety Pack",
      "price": 49,
      "rate": 5,
      "country": "Los Angeles, CA"
    },
    {
      "id": "38",
      "img": "https://goldbelly.imgix.net/uploads/showcase_media_asset/image/94478/best-seller-cupcake-dozen.f93b21993f6a2da11c975d45b9b0d08f.jpg?ixlib=react-9.0.2&auto=format&ar=1%3A1",
      "name": "Crave Cupcakes",
      "dsc": "Best Seller Cupcake Dozen",
      "price": 89,
      "rate": 4,
      "country": "Houston, TX"
    },
    {
      "id": "39",
      "img": "https://goldbelly.imgix.net/uploads/showcase_media_asset/image/132716/choose-your-own-ice-cream-donuts-6-pack.24d0b44765a7c54237fcd7ea9d9d8093.jpg?ixlib=react-9.0.2&auto=format&ar=1%3A1",
      "name": "Elegant Desserts",
      "dsc": "Choose Your Own Ice Cream Donuts - 6 Pack",
      "price": 69,
      "rate": 5,
      "country": "Brooklyn, NY"
    },
    {
      "id": "40",
      "img": "https://goldbelly.imgix.net/uploads/showcase_media_asset/image/72507/jewish-classics-dessert-pack.7d4b76630f2fe75dcb7bbcf2501b7390.png?ixlib=react-9.0.2&auto=format&ar=1%3A1",
      "name": "Ess-a-Bagel",
      "dsc": "Jewish Classics Dessert Pack",
      "price": 89.95,
      "rate": 5,
      "country": "New York, NY"
    },
    {
      "id": "41",
      "img": "https://goldbelly.imgix.net/uploads/showcase_media_asset/image/134235/complete-fried-chicken-dinner-for-4.aeabf841c124b9cc2fb0166f27790999.jpg?ixlib=react-9.0.2&auto=format&ar=1%3A1",
      "name": "Blue Ribbon",
      "dsc": "\"The Coop\" Complete Fried Chicken Dinner for 4",
      "price": 119,
      "rate": 5,
      "country": "New York, NY"
    },
    {
      "id": "42",
      "img": "https://goldbelly.imgix.net/uploads/showcase_media_asset/image/110733/hot-chicken-whole-bird.bfd696b1cf611210ee813293c4c1bf28.jpg?ixlib=react-9.0.2&auto=format&ar=1%3A1",
      "name": "Hattie B's Hot Chicken",
      "dsc": "Hot Chicken - Whole Bird",
      "price": 89,
      "rate": 5,
      "country": "Nashville, TN"
    },
    {
      "id": "43",
      "img": "https://goldbelly.imgix.net/uploads/showcase_media_asset/image/132392/fried-chicken-for-4.0e6dfb35e3b83144791a5ddae71836e7.jpg?ixlib=react-9.0.2&auto=format&ar=1%3A1",
      "name": "Blue Ribbon",
      "dsc": "\"The Bird\" Fried Chicken for 4",
      "price": 99,
      "rate": 4,
      "country": "New York, NY"
    },
    {
      "id": "44",
      "img": "https://goldbelly.imgix.net/uploads/showcase_media_asset/image/85286/fried-chicken-biscuit-sandwich-kit.44b29820e6389324a2dd7ccb0b677a22.jpg?ixlib=react-9.0.2&auto=format&ar=1%3A1",
      "name": "Sunrise Biscuit Kitchen",
      "dsc": "Fried Chicken Biscuit Sandwich Kit",
      "price": 109,
      "rate": 4,
      "country": "Chapel Hill, NC"
    },
    {
      "id": "46",
      "img": "https://goldbelly.imgix.net/uploads/showcase_media_asset/image/132341/complete-fried-chicken-dinner-for-8.512f5bff5f9f22995de1408764b7c0ff.jpg?ixlib=react-9.0.2&auto=format&ar=1%3A1",
      "name": "Blue Ribbon",
      "dsc": "\"The Family Coop\" Complete Fried Chicken Dinner for 8-10",
      "price": 189,
      "rate": 5,
      "country": "New York, NY"
    },
    {
      "id": "48",
      "img": "https://goldbelly.imgix.net/uploads/showcase_media_asset/image/132849/fried-chicken-for-8.7f488618ab57ac91a8e230eb70a35a19.jpg?ixlib=react-9.0.2&auto=format&ar=1%3A1",
      "name": "Blue Ribbon",
      "dsc": "\"The Family Bird\" Fried Chicken for 8",
      "price": 169,
      "rate": 5,
      "country": "New York, NY"
    },
    {
      "id": "50",
      "img": "https://goldbelly.imgix.net/uploads/showcase_media_asset/image/131336/marcus-hot-honey-chicken-and-cornbread-waffles-kit-for-4.618df9b9613b506f65c8342ab2e28b32.jpg?ixlib=react-9.0.2&auto=format&ar=1%3A1",
      "name": "Marcus Samuelsson's Streetbird",
      "dsc": "Marcus’ Hot Honey Chicken & Cornbread Waffles Kit for 4",
      "price": 99,
      "rate": 4,
      "country": "Harlem, NY"
    },
    {
      "id": "51",
      "img": "https://goldbelly.imgix.net/uploads/showcase_media_asset/image/132332/artisanal-bread-choose-your-own-3-pack.c64d8dc0584457116b91a24f43cd861c.jpg?ixlib=react-9.0.2&auto=format&ar=1%3A1",
      "name": "Orwashers Bakery",
      "dsc": "Artisanal Bread - Choose Your Own 3 Pack",
      "price": 45,
      "rate": 5,
      "country": "New York, NY"
    },
    {
      "id": "52",
      "img": "https://goldbelly.imgix.net/uploads/showcase_media_asset/image/132426/bread-choose-your-own-4-pack.78f96938f1a3a5bc6a7fefa564bf878c.jpg?ixlib=react-9.0.2&auto=format&ar=1%3A1",
      "name": "Grateful Bread Company",
      "dsc": "Artisanal Bread - Choose Your Own 4 Pack",
      "price": 59,
      "rate": 5,
      "country": "Sacramento, CA"
    },
    {
      "id": "53",
      "img": "https://goldbelly.imgix.net/uploads/showcase_media_asset/image/133923/corn-cheese-bread-2-pack.703937ce3943d6caad78d3612cd9dcef.jpg?ixlib=react-9.0.2&auto=format&ar=1%3A1",
      "name": "Calic Bread",
      "dsc": "Corn Cheese Bread - 2 Pack",
      "price": 89,
      "rate": 5,
      "country": "Los Angeles, CA"
    },
    {
      "id": "54",
      "img": "https://goldbelly.imgix.net/uploads/showcase_media_asset/image/133401/tartine-bread-loaves-choose-your-own-2-pack.aa052bf998aa1b627e1fa71a482311a7.jpg?ixlib=react-9.0.2&auto=format&ar=1%3A1",
      "name": "Tartine Bakery",
      "dsc": "Tartine Bread Loaves - Choose Your Own 2 Pack",
      "price": 39,
      "rate": 4,
      "country": "San Francisco, CA"
    },
    {
      "id": "55",
      "img": "https://goldbelly.imgix.net/uploads/showcase_media_asset/image/95387/japanese-milk-bread.5c3e3677db6b145b659e702af3098337.jpg?ixlib=react-9.0.2&auto=format&ar=1%3A1",
      "name": "Craftsman and Wolves",
      "dsc": "Japanese Milk Bread - 2 Loaves",
      "price": 55,
      "rate": 5,
      "country": "San Francisco, CA"
    },
    {
      "id": "56",
      "img": "https://goldbelly.imgix.net/uploads/showcase_media_asset/image/126688/bread-choose-your-own-6-pack.060cf408cf8b30ef3ea618ef3e5d5389.jpg?ixlib=react-9.0.2&auto=format&ar=1%3A1",
      "name": "Orwashers Bakery",
      "dsc": "Artisanal Bread - Choose Your Own 6 Pack",
      "price": 69,
      "rate": 5,
      "country": "New York, NY"
    },
    {
      "id": "57",
      "img": "https://goldbelly.imgix.net/uploads/showcase_media_asset/image/89514/artichoke-bread-sampler-4-pack.2243d37a2b976f88cdfe026026e82e1f.jpg?ixlib=react-9.0.2&auto=format&ar=1%3A1",
      "name": "Arcangeli Grocery",
      "dsc": "Artichoke Bread Sampler - 4 Pack",
      "price": 59,
      "rate": 4,
      "country": "Pescadero, CA"
    },
    {
      "id": "58",
      "img": "https://goldbelly.imgix.net/uploads/showcase_media_asset/image/133455/bavarian-soft-pretzel-twists-10-pack.0f8c34ca7341a525bd581924bd9f030f.jpg?ixlib=react-9.0.2&auto=format&ar=1%3A1",
      "name": "Milwaukee Pretzel Company",
      "dsc": "Bavarian Soft Pretzel Twists - 10 Pack",
      "price": 39,
      "rate": 4,
      "country": "Milwaukee, WI"
    },
    {
      "id": "59",
      "img": "https://goldbelly.imgix.net/uploads/showcase_media_asset/image/99033/mini-banana-bread-loaves-18-pack-choose-your-own.cf136bd604f91d94d067045b13ad0227.jpg?ixlib=react-9.0.2&auto=format&ar=1%3A1",
      "name": "Maui Banana Bread Co",
      "dsc": "Banana Bread- Choose Your Own 6 Pack",
      "price": 59,
      "rate": 5,
      "country": "Lahaina, HI"
    },
    {
      "id": "60",
      "img": "https://goldbelly.imgix.net/uploads/showcase_media_asset/image/128801/stuffed-bread-loaves-choose-your-own-2-pack.40c693cca82e78bf496dc14bf1f52d61.jpg?ixlib=react-9.0.2&auto=format&ar=1%3A1",
      "name": "Antique Bar & Bakery",
      "dsc": "Stuffed Bread Loaves - Choose Your Own 2 Pack",
      "price": 59,
      "rate": 4,
      "country": "Hoboken, NJ"
    }
  ]
}